[
  {
    "incident_id": 101,
    "lat": 12.9719,
    "lng": 77.5950,
    "crime_type": "robbery",
    "risk_score": 82
  },
  {
    "incident_id": 102,
    "lat": 12.9680,
    "lng": 77.6000,
    "crime_type": "harassment",
    "risk_score": 65
  },
  {
    "incident_id": 103,
    "lat": 12.9600,
    "lng": 77.6200,
    "crime_type": "theft",
    "risk_score": 30
  },
  {
    "incident_id": 104,
    "lat": 12.9550,
    "lng": 77.6050,
    "crime_type": "vandalism",
    "risk_score": 48
  }
]